{
    "students": [
        {
            "id": 1,
            "name": "harsha",
            "department": "Computer Science",
            "year": "First Year"
        },
        {
            "id": 2,
            "name": "sindhu",
            "department": "pharmacy",
            "year": "Second Year"
        },
        {
            "id": 3,
            "name": "srija",
            "department": "MBA",
            "year": "Fourth Year"
        },
	{
	    "id": 4;
            "name": "jaya" 
            "department": "H&S" 
            "year": "Third Year"
        } 
              ],
      
}
